Workbook

Sheet Raw_Data
A1: Sr.No | B1: Institute Name | C1: Date & Time | D1: Order ID | E1: Edviron order ID | F1: Order Amt | G1: Transaction Amt | H1: Payment Method | I1: payment_mode | J1: Status | K1: Student Name | L1: Phone No. | M1: Vendor Amount | N1: Gateway | O1: Capture Status | P1: Merchant Pricing | Q1: Merchant Pricing Type | R1: Partner Pricing | S1: Partner Pricing Type | T1: Edviron Buying | U1: Edviron Buying type
A2: 1 | B2: SBNM College of Pharmacy (D. Pharmacy & B.Pharmarcy | C2: 1/4/2025, 12:31:47 PM | D2: EDVI0000002711 | E2: 67eb8f5ba0b8c5db0650bf9c | F2: 3800 | G2: 3802.36 | H2: upi | I2: UPI | J2: SUCCESS | K2: RushikeshPatil | M2: NA | N2: CASHFREE | P2: 2 | Q2: FLAT | R2: 2 | S2: FLAT | T2: 0 | U2: FLAT
A3: 2 | B3: R P College of Pharmacy | C3: 11/4/2025, 11:51:49 AM | D3: EDVI0000002716 | E3: 67f8b4fdb7b5f003daf0968e | F3: 15000 | G3: 15002.36 | H3: upi | I3: UPI | J3: SUCCESS | K3: Pranav Prakash Deshpande | M3: NA | N3: CASHFREE | P3: 2 | Q3: FLAT | R3: 2 | S3: FLAT | T3: 0 | U3: FLAT
A4: 3 | B4: R P College of Pharmacy | C4: 21/4/2025, 10:31:19 am | D4: EDVI0000002722 | E4: 6805d11f8218d3a8c0364231 | F4: 10000 | G4: 10002.36 | H4: upi | I4: UPI | J4: SUCCESS | K4: Dattatray Uttam Gholve | M4: NA | N4: CASHFREE | P4: 2 | Q4: FLAT | R4: 2 | S4: FLAT | T4: 0 | U4: FLAT
A5: 4 | B5: R P College of Pharmacy | C5: 29/4/2025, 11:10:54 am | D5: EDVI0000002724 | E5: 681066668dde280c7a057a3a | F5: 5000 | G5: 5002.36 | H5: upi | I5: UPI | J5: SUCCESS | K5: Saniya Wajid Shaikh | M5: NA | N5: CASHFREE | P5: 2 | Q5: FLAT | R5: 2 | S5: FLAT | T5: 0 | U5: FLAT
A6: 5 | B6: R P College of Pharmacy | C6: 29/4/2025, 11:14:19 am | D6: EDVI0000002725 | E6: 68106733d4b7fd07d305e50a | F6: 5000 | G6: 5002.36 | H6: upi | I6: UPI | J6: SUCCESS | K6: Pooja subhashprasad shukla | M6: NA | N6: CASHFREE | P6: 2 | Q6: FLAT | R6: 2 | S6: FLAT | T6: 0 | U6: FLAT
A7: 6 | B7: R P College of Pharmacy | C7: 30/4/2025, 1:53:35 pm | D7: EDVI0000004024 | E7: 6811de07d4b7fd07d306cb37 | F7: 10000 | G7: 10002.36 | H7: upi | I7: UPI | J7: SUCCESS | K7: BEGADE HALIMA BADSHAHA | M7: NA | N7: CASHFREE | P7: 2 | Q7: FLAT | R7: 2 | S7: FLAT | T7: 0 | U7: FLAT
A8: 7 | B8: R P College of Pharmacy | C8: 30/4/2025, 2:03:25 pm | D8: EDVI0000004025 | E8: 6811e055d4b7fd07d306ceed | F8: 18836 | G8: 18838.36 | H8: upi | I8: UPI | J8: SUCCESS | K8: JADHAV GAURAV SANTOSH | M8: NA | N8: CASHFREE | P8: 2 | Q8: FLAT | R8: 2 | S8: FLAT | T8: 0 | U8: FLAT
A9: 1 | B9: R P College of Pharmacy | C9: 14/6/2025, 11:24:42 am | D9: EDVI0000004079 | E9: 684d0ea2b1091c01feb8de58 | F9: 10576 | G9: 10578.36 | H9: upi | I9: Others | J9: SUCCESS | K9: SOHAM SAGAR KHOT | M9: NA | N9: CASHFREE | P9: 2 | Q9: FLAT | R9: 2 | S9: FLAT | T9: 0 | U9: FLAT
A10: 2 | B10: R P College of Pharmacy | C10: 7/7/2025, 4:08:10 PM | D10: EDVI0000004105 | E10: 686ba3924e76b124b7acdd57 | F10: 1 | G10: 3.36 | H10: upi | I10: Others | J10: SUCCESS | K10: Test Student | M10: NA | N10: CASHFREE | P10: 2 | Q10: FLAT | R10: 2 | S10: FLAT | T10: 0 | U10: FLAT
A11: 6 | B11: ST MICHAEL'S SCHOOL FOR GIRLS | C11: 14/11/2025, 10:46:26 am | D11: SMED0000000331 | E11: 6916bb2afede88bc173e1480 | F11: 34325 | G11: 34327.36 | H11: upi | I11: Others | J11: SUCCESS | K11: RUDRANI SENGUPTA | M11: NA | N11: EDVIRON_EASEBUZZ | P11: 2 | Q11: FLAT | R11: 2 | S11: FLAT | T11: 0 | U11: FLAT
A12: 8 | B12: ST MICHAEL'S SCHOOL FOR GIRLS | C12: 30/11/2025, 2:29:11 pm | D12: SMED0000000337 | E12: 692c075f09edb37dee1521c4 | F12: 38100 | G12: 38102.36 | H12: upi | I12: Others | J12: SUCCESS | K12: VASUDHA ALOK | M12: NA | N12: EDVIRON_EASEBUZZ | P12: 2 | Q12: FLAT | R12: 2 | S12: FLAT | T12: 0 | U12: FLAT
A13: 1 | B13: ST MICHAEL'S SCHOOL FOR GIRLS | C13: 1/12/2025, 1:41:08 PM | D13: SMED0000000339 | E13: 692d4d9c4b29e4e74d7d73d4 | F13: 10350 | G13: 10352.36 | H13: upi | I13: - | J13: SUCCESS | K13: SHRITI SHARMA | M13: NA | N13: EDVIRON_EASEBUZZ | P13: 2 | Q13: FLAT | R13: 2 | S13: FLAT | T13: 0 | U13: FLAT
... A38: 30 | B38: ST MICHAEL'S SCHOOL FOR GIRLS | C38: 29/1/2026, 9:34:31 pm | D38: SMED0000000460 | E38: 697b850f0a91fbff417eab30 | F38: 34325 | G38: 34327.36 | H38: upi | I38: Others | J38: success | K38: AADHYA DAS | M38: NA | N38: EDVIRON_EASEBUZZ | P38: 2 | Q38: FLAT | R38: 2 | S38: FLAT | T38: 0 | U38: FLAT

Sheet Clean_Data
A1: =Raw_Data!A1 -> Sr.No | B1: =Raw_Data!B1 -> Institute Name | C1: =Raw_Data!C1 -> Date & Time | D1: =Raw_Data!D1 -> Order ID | E1: =Raw_Data!E1 -> Edviron order ID | F1: Ordear Amt | G1: Trasaction Amount | H1: =Raw_Data!H1 -> Payment Method | I1: =Raw_Data!I1 -> payment_mode | J1: =Raw_Data!J1 -> Status | K1: =Raw_Data!K1 -> Student Name | L1: =Raw_Data!L1 -> Phone No. | M1: =Raw_Data!M1 -> Vendor Amount | N1: =Raw_Data!N1 -> Gateway | O1: =Raw_Data!O1 -> Capture Status | P1: Merchant Pricing | Q1: =Raw_Data!Q1 -> Merchant Pricing Type | R1: Partner Pricing | S1: =Raw_Data!S1 -> Partner Pricing Type | T1: Edviron Buying | U1: =Raw_Data!U1 -> Edviron Buying type | Y1: 0 | Z1: =Raw_Data!Z1 -> 0 | AA1: =Raw_Data!AA1 -> 0 | AB1: =Raw_Data!AB1 -> 0 | AC1: =Raw_Data!AC1 -> 0
A2: =TRIM(Raw_Data!A2) -> 1 | B2: =TRIM(Raw_Data!B2) -> SBNM College of Pharmacy (D. Pharmacy & B.Pharmarcy | C2: =TRIM(Raw_Data!C2) -> 1/4/2025, 12:31:47 PM | D2: =TRIM(Raw_Data!D2) -> EDVI0000002711 | E2: =TRIM(Raw_Data!E2) -> 67eb8f5ba0b8c5db0650bf9c | F2: 3800 | G2: 3802.36 | H2: =TRIM(Raw_Data!H2) -> upi | I2: =TRIM(Raw_Data!I2) -> UPI | J2: =TRIM(Raw_Data!J2) -> SUCCESS | K2: =TRIM(Raw_Data!K2) -> RushikeshPatil | L2: =TRIM(Raw_Data!L2) | M2: =TRIM(Raw_Data!M2) -> NA | N2: =TRIM(Raw_Data!N2) -> CASHFREE | O2: =TRIM(Raw_Data!O2) | P2: 2 | Q2: =TRIM(Raw_Data!Q2) -> FLAT | R2: 2 | S2: =TRIM(Raw_Data!S2) -> FLAT | T2: 0 | U2: =TRIM(Raw_Data!U2) -> FLAT | Y2: 0 | Z2: 0 | AA2: 0 | AB2: 0 | AC2: 0
A3: =TRIM(Raw_Data!A3) -> 2 | B3: =TRIM(Raw_Data!B3) -> R P College of Pharmacy | C3: =TRIM(Raw_Data!C3) -> 11/4/2025, 11:51:49 AM | D3: =TRIM(Raw_Data!D3) -> EDVI0000002716 | E3: =TRIM(Raw_Data!E3) -> 67f8b4fdb7b5f003daf0968e | F3: 15000 | G3: 15002.36 | H3: =TRIM(Raw_Data!H3) -> upi | I3: =TRIM(Raw_Data!I3) -> UPI | J3: =TRIM(Raw_Data!J3) -> SUCCESS | K3: =TRIM(Raw_Data!K3) -> Pranav Prakash Deshpande | L3: =TRIM(Raw_Data!L3) | M3: =TRIM(Raw_Data!M3) -> NA | N3: =TRIM(Raw_Data!N3) -> CASHFREE | O3: =TRIM(Raw_Data!O3) | P3: 2 | Q3: =TRIM(Raw_Data!Q3) -> FLAT | R3: 2 | S3: =TRIM(Raw_Data!S3) -> FLAT | T3: 0 | U3: =TRIM(Raw_Data!U3) -> FLAT | Y3: 0 | Z3: 0 | AA3: 0 | AB3: 0 | AC3: 0
A4: =TRIM(Raw_Data!A4) -> 3 | B4: =TRIM(Raw_Data!B4) -> R P College of Pharmacy | C4: =TRIM(Raw_Data!C4) -> 21/4/2025, 10:31:19 am | D4: =TRIM(Raw_Data!D4) -> EDVI0000002722 | E4: =TRIM(Raw_Data!E4) -> 6805d11f8218d3a8c0364231 | F4: 10000 | G4: 10002.36 | H4: =TRIM(Raw_Data!H4) -> upi | I4: =TRIM(Raw_Data!I4) -> UPI | J4: =TRIM(Raw_Data!J4) -> SUCCESS | K4: =TRIM(Raw_Data!K4) -> Dattatray Uttam Gholve | L4: =TRIM(Raw_Data!L4) | M4: =TRIM(Raw_Data!M4) -> NA | N4: =TRIM(Raw_Data!N4) -> CASHFREE | O4: =TRIM(Raw_Data!O4) | P4: 2 | Q4: =TRIM(Raw_Data!Q4) -> FLAT | R4: 2 | S4: =TRIM(Raw_Data!S4) -> FLAT | T4: 0 | U4: =TRIM(Raw_Data!U4) -> FLAT | Y4: 0 | Z4: 0 | AA4: 0 | AB4: 0 | AC4: 0
A5: =TRIM(Raw_Data!A5) -> 4 | B5: =TRIM(Raw_Data!B5) -> R P College of Pharmacy | C5: =TRIM(Raw_Data!C5) -> 29/4/2025, 11:10:54 am | D5: =TRIM(Raw_Data!D5) -> EDVI0000002724 | E5: =TRIM(Raw_Data!E5) -> 681066668dde280c7a057a3a | F5: 5000 | G5: 5002.36 | H5: =TRIM(Raw_Data!H5) -> upi | I5: =TRIM(Raw_Data!I5) -> UPI | J5: =TRIM(Raw_Data!J5) -> SUCCESS | K5: =TRIM(Raw_Data!K5) -> Saniya Wajid Shaikh | L5: =TRIM(Raw_Data!L5) | M5: =TRIM(Raw_Data!M5) -> NA | N5: =TRIM(Raw_Data!N5) -> CASHFREE | O5: =TRIM(Raw_Data!O5) | P5: 2 | Q5: =TRIM(Raw_Data!Q5) -> FLAT | R5: 2 | S5: =TRIM(Raw_Data!S5) -> FLAT | T5: 0 | U5: =TRIM(Raw_Data!U5) -> FLAT | Y5: 0 | Z5: 0 | AA5: 0 | AB5: 0 | AC5: 0
A6: =TRIM(Raw_Data!A6) -> 5 | B6: =TRIM(Raw_Data!B6) -> R P College of Pharmacy | C6: =TRIM(Raw_Data!C6) -> 29/4/2025, 11:14:19 am | D6: =TRIM(Raw_Data!D6) -> EDVI0000002725 | E6: =TRIM(Raw_Data!E6) -> 68106733d4b7fd07d305e50a | F6: 5000 | G6: 5002.36 | H6: =TRIM(Raw_Data!H6) -> upi | I6: =TRIM(Raw_Data!I6) -> UPI | J6: =TRIM(Raw_Data!J6) -> SUCCESS | K6: =TRIM(Raw_Data!K6) -> Pooja subhashprasad shukla | L6: =TRIM(Raw_Data!L6) | M6: =TRIM(Raw_Data!M6) -> NA | N6: =TRIM(Raw_Data!N6) -> CASHFREE | O6: =TRIM(Raw_Data!O6) | P6: 2 | Q6: =TRIM(Raw_Data!Q6) -> FLAT | R6: 2 | S6: =TRIM(Raw_Data!S6) -> FLAT | T6: 0 | U6: =TRIM(Raw_Data!U6) -> FLAT | Y6: 0 | Z6: 0 | AA6: 0 | AB6: 0 | AC6: 0
A7: =TRIM(Raw_Data!A7) -> 6 | B7: =TRIM(Raw_Data!B7) -> R P College of Pharmacy | C7: =TRIM(Raw_Data!C7) -> 30/4/2025, 1:53:35 pm | D7: =TRIM(Raw_Data!D7) -> EDVI0000004024 | E7: =TRIM(Raw_Data!E7) -> 6811de07d4b7fd07d306cb37 | F7: 10000 | G7: 10002.36 | H7: =TRIM(Raw_Data!H7) -> upi | I7: =TRIM(Raw_Data!I7) -> UPI | J7: =TRIM(Raw_Data!J7) -> SUCCESS | K7: =TRIM(Raw_Data!K7) -> BEGADE HALIMA BADSHAHA | L7: =TRIM(Raw_Data!L7) | M7: =TRIM(Raw_Data!M7) -> NA | N7: =TRIM(Raw_Data!N7) -> CASHFREE | O7: =TRIM(Raw_Data!O7) | P7: 2 | Q7: =TRIM(Raw_Data!Q7) -> FLAT | R7: 2 | S7: =TRIM(Raw_Data!S7) -> FLAT | T7: 0 | U7: =TRIM(Raw_Data!U7) -> FLAT | Y7: 0 | Z7: 0 | AA7: 0 | AB7: 0 | AC7: 0
A8: =TRIM(Raw_Data!A8) -> 7 | B8: =TRIM(Raw_Data!B8) -> R P College of Pharmacy | C8: =TRIM(Raw_Data!C8) -> 30/4/2025, 2:03:25 pm | D8: =TRIM(Raw_Data!D8) -> EDVI0000004025 | E8: =TRIM(Raw_Data!E8) -> 6811e055d4b7fd07d306ceed | F8: 18836 | G8: 18838.36 | H8: =TRIM(Raw_Data!H8) -> upi | I8: =TRIM(Raw_Data!I8) -> UPI | J8: =TRIM(Raw_Data!J8) -> SUCCESS | K8: =TRIM(Raw_Data!K8) -> JADHAV GAURAV SANTOSH | L8: =TRIM(Raw_Data!L8) | M8: =TRIM(Raw_Data!M8) -> NA | N8: =TRIM(Raw_Data!N8) -> CASHFREE | O8: =TRIM(Raw_Data!O8) | P8: 2 | Q8: =TRIM(Raw_Data!Q8) -> FLAT | R8: 2 | S8: =TRIM(Raw_Data!S8) -> FLAT | T8: 0 | U8: =TRIM(Raw_Data!U8) -> FLAT | Y8: 0 | Z8: 0 | AA8: 0 | AB8: 0 | AC8: 0
A9: =TRIM(Raw_Data!A9) -> 1 | B9: =TRIM(Raw_Data!B9) -> R P College of Pharmacy | C9: =TRIM(Raw_Data!C9) -> 14/6/2025, 11:24:42 am | D9: =TRIM(Raw_Data!D9) -> EDVI0000004079 | E9: =TRIM(Raw_Data!E9) -> 684d0ea2b1091c01feb8de58 | F9: 10576 | G9: 10578.36 | H9: =TRIM(Raw_Data!H9) -> upi | I9: =TRIM(Raw_Data!I9) -> Others | J9: =TRIM(Raw_Data!J9) -> SUCCESS | K9: =TRIM(Raw_Data!K9) -> SOHAM SAGAR KHOT | L9: =TRIM(Raw_Data!L9) | M9: =TRIM(Raw_Data!M9) -> NA | N9: =TRIM(Raw_Data!N9) -> CASHFREE | O9: =TRIM(Raw_Data!O9) | P9: 2 | Q9: =TRIM(Raw_Data!Q9) -> FLAT | R9: 2 | S9: =TRIM(Raw_Data!S9) -> FLAT | T9: 0 | U9: =TRIM(Raw_Data!U9) -> FLAT | Y9: 0 | Z9: 0 | AA9: 0 | AB9: 0 | AC9: 0
A10: =TRIM(Raw_Data!A10) -> 2 | B10: =TRIM(Raw_Data!B10) -> R P College of Pharmacy | C10: =TRIM(Raw_Data!C10) -> 7/7/2025, 4:08:10 PM | D10: =TRIM(Raw_Data!D10) -> EDVI0000004105 | E10: =TRIM(Raw_Data!E10) -> 686ba3924e76b124b7acdd57 | F10: 1 | G10: 3.36 | H10: =TRIM(Raw_Data!H10) -> upi | I10: =TRIM(Raw_Data!I10) -> Others | J10: =TRIM(Raw_Data!J10) -> SUCCESS | K10: =TRIM(Raw_Data!K10) -> Test Student | L10: =TRIM(Raw_Data!L10) | M10: =TRIM(Raw_Data!M10) -> NA | N10: =TRIM(Raw_Data!N10) -> CASHFREE | O10: =TRIM(Raw_Data!O10) | P10: 2 | Q10: =TRIM(Raw_Data!Q10) -> FLAT | R10: 2 | S10: =TRIM(Raw_Data!S10) -> FLAT | T10: 0 | U10: =TRIM(Raw_Data!U10) -> FLAT | Y10: 0 | Z10: 0 | AA10: 0 | AB10: 0 | AC10: 0
A11: =TRIM(Raw_Data!A11) -> 6 | B11: =TRIM(Raw_Data!B11) -> ST MICHAEL'S SCHOOL FOR GIRLS | C11: =TRIM(Raw_Data!C11) -> 14/11/2025, 10:46:26 am | D11: =TRIM(Raw_Data!D11) -> SMED0000000331 | E11: =TRIM(Raw_Data!E11) -> 6916bb2afede88bc173e1480 | F11: 34325 | G11: 34327.36 | H11: =TRIM(Raw_Data!H11) -> upi | I11: =TRIM(Raw_Data!I11) -> Others | J11: =TRIM(Raw_Data!J11) -> SUCCESS | K11: =TRIM(Raw_Data!K11) -> RUDRANI SENGUPTA | L11: =TRIM(Raw_Data!L11) | M11: =TRIM(Raw_Data!M11) -> NA | N11: =TRIM(Raw_Data!N11) -> EDVIRON_EASEBUZZ | O11: =TRIM(Raw_Data!O11) | P11: 2 | Q11: =TRIM(Raw_Data!Q11) -> FLAT | R11: 2 | S11: =TRIM(Raw_Data!S11) -> FLAT | T11: 0 | U11: =TRIM(Raw_Data!U11) -> FLAT | Y11: 0 | Z11: 0 | AA11: 0 | AB11: 0 | AC11: 0
A12: =TRIM(Raw_Data!A12) -> 8 | B12: =TRIM(Raw_Data!B12) -> ST MICHAEL'S SCHOOL FOR GIRLS | C12: =TRIM(Raw_Data!C12) -> 30/11/2025, 2:29:11 pm | D12: =TRIM(Raw_Data!D12) -> SMED0000000337 | E12: =TRIM(Raw_Data!E12) -> 692c075f09edb37dee1521c4 | F12: 38100 | G12: 38102.36 | H12: =TRIM(Raw_Data!H12) -> upi | I12: =TRIM(Raw_Data!I12) -> Others | J12: =TRIM(Raw_Data!J12) -> SUCCESS | K12: =TRIM(Raw_Data!K12) -> VASUDHA ALOK | L12: =TRIM(Raw_Data!L12) | M12: =TRIM(Raw_Data!M12) -> NA | N12: =TRIM(Raw_Data!N12) -> EDVIRON_EASEBUZZ | O12: =TRIM(Raw_Data!O12) | P12: 2 | Q12: =TRIM(Raw_Data!Q12) -> FLAT | R12: 2 | S12: =TRIM(Raw_Data!S12) -> FLAT | T12: 0 | U12: =TRIM(Raw_Data!U12) -> FLAT | Y12: 0 | Z12: 0 | AA12: 0 | AB12: 0 | AC12: 0
A13: =TRIM(Raw_Data!A13) -> 1 | B13: =TRIM(Raw_Data!B13) -> ST MICHAEL'S SCHOOL FOR GIRLS | C13: =TRIM(Raw_Data!C13) -> 1/12/2025, 1:41:08 PM | D13: =TRIM(Raw_Data!D13) -> SMED0000000339 | E13: =TRIM(Raw_Data!E13) -> 692d4d9c4b29e4e74d7d73d4 | F13: 10350 | G13: 10352.36 | H13: =TRIM(Raw_Data!H13) -> upi | I13: =TRIM(Raw_Data!I13) -> - | J13: =TRIM(Raw_Data!J13) -> SUCCESS | K13: =TRIM(Raw_Data!K13) -> SHRITI SHARMA | L13: =TRIM(Raw_Data!L13) | M13: =TRIM(Raw_Data!M13) -> NA | N13: =TRIM(Raw_Data!N13) -> EDVIRON_EASEBUZZ | O13: =TRIM(Raw_Data!O13) | P13: 2 | Q13: =TRIM(Raw_Data!Q13) -> FLAT | R13: 2 | S13: =TRIM(Raw_Data!S13) -> FLAT | T13: 0 | U13: =TRIM(Raw_Data!U13) -> FLAT | Y13: 0 | Z13: 0 | AA13: 0 | AB13: 0 | AC13: 0
... A38: =TRIM(Raw_Data!A38) -> 30 | B38: =TRIM(Raw_Data!B38) -> ST MICHAEL'S SCHOOL FOR GIRLS | C38: =TRIM(Raw_Data!C38) -> 29/1/2026, 9:34:31 pm | D38: =TRIM(Raw_Data!D38) -> SMED0000000460 | E38: =TRIM(Raw_Data!E38) -> 697b850f0a91fbff417eab30 | F38: 34325 | G38: 34327.36 | H38: =TRIM(Raw_Data!H38) -> upi | I38: =TRIM(Raw_Data!I38) -> Others | J38: =TRIM(Raw_Data!J38) -> success | K38: =TRIM(Raw_Data!K38) -> AADHYA DAS | L38: =TRIM(Raw_Data!L38) | M38: =TRIM(Raw_Data!M38) -> NA | N38: =TRIM(Raw_Data!N38) -> EDVIRON_EASEBUZZ | O38: =TRIM(Raw_Data!O38) | P38: 2 | Q38: =TRIM(Raw_Data!Q38) -> FLAT | R38: 2 | S38: =TRIM(Raw_Data!S38) -> FLAT | T38: 0 | U38: =TRIM(Raw_Data!U38) -> FLAT | Y38: 0 | Z38: 0 | AA38: 0 | AB38: 0 | AC38: 0
A39: =TRIM(Raw_Data!A39) | B39: 0 | C39: 0 | D39: 0 | E39: 0 | H39: 0 | I39: 0 | J39: 0 | K39: 0 | L39: 0 | M39: 0 | N39: 0 | O39: 0 | Q39: 0 | S39: 0 | U39: 0 | Y39: 0 | Z39: 0 | AA39: 0 | AB39: 0 | AC39: 0
A40: =TRIM(Raw_Data!A40) | B40: 0 | C40: 0 | D40: 0 | E40: 0 | H40: 0 | I40: 0 | J40: 0 | K40: 0 | L40: 0 | M40: 0 | N40: 0 | O40: 0 | Q40: 0 | S40: 0 | U40: 0 | Y40: 0 | Z40: 0 | AA40: 0 | AB40: 0 | AC40: 0
A41: =TRIM(Raw_Data!A41) | B41: 0 | C41: 0 | D41: 0 | E41: 0 | H41: 0 | I41: 0 | J41: 0 | K41: 0 | L41: 0 | M41: 0 | N41: 0 | O41: 0 | Q41: 0 | S41: 0 | U41: 0 | Y41: 0 | Z41: 0 | AA41: 0 | AB41: 0 | AC41: 0
A42: =TRIM(Raw_Data!A42) | B42: 0 | C42: 0 | D42: 0 | E42: 0 | H42: 0 | I42: 0 | J42: 0 | K42: 0 | L42: 0 | M42: 0 | N42: 0 | O42: 0 | Q42: 0 | S42: 0 | U42: 0 | Y42: 0 | Z42: 0 | AA42: 0 | AB42: 0 | AC42: 0
A43: =TRIM(Raw_Data!A43) | B43: 0 | C43: 0 | D43: 0 | E43: 0 | H43: 0 | I43: 0 | J43: 0 | K43: 0 | L43: 0 | M43: 0 | N43: 0 | O43: 0 | Q43: 0 | S43: 0 | U43: 0 | Y43: 0 | Z43: 0 | AA43: 0 | AB43: 0 | AC43: 0
A44: =TRIM(Raw_Data!A44) | B44: 0 | C44: 0 | D44: 0 | E44: 0 | H44: 0 | I44: 0 | J44: 0 | K44: 0 | L44: 0 | M44: 0 | N44: 0 | O44: 0 | Q44: 0 | S44: 0 | U44: 0 | Y44: 0 | Z44: 0 | AA44: 0 | AB44: 0 | AC44: 0
A45: =TRIM(Raw_Data!A45) | B45: 0 | C45: 0 | D45: 0 | E45: 0 | H45: 0 | I45: 0 | J45: 0 | K45: 0 | L45: 0 | M45: 0 | N45: 0 | O45: 0 | Q45: 0 | S45: 0 | U45: 0 | Y45: 0 | Z45: 0 | AA45: 0 | AB45: 0 | AC45: 0
A46: =TRIM(Raw_Data!A46) | B46: 0 | C46: 0 | D46: 0 | E46: 0 | H46: 0 | I46: 0 | J46: 0 | K46: 0 | L46: 0 | M46: 0 | N46: 0 | O46: 0 | Q46: 0 | S46: 0 | U46: 0 | Y46: 0 | Z46: 0 | AA46: 0 | AB46: 0 | AC46: 0
A47: =TRIM(Raw_Data!A47) | B47: 0 | C47: 0 | D47: 0 | E47: 0 | H47: 0 | I47: 0 | J47: 0 | K47: 0 | L47: 0 | M47: 0 | N47: 0 | O47: 0 | Q47: 0 | S47: 0 | U47: 0 | Y47: 0 | Z47: 0 | AA47: 0 | AB47: 0 | AC47: 0
A48: =TRIM(Raw_Data!A48) | B48: 0 | C48: 0 | D48: 0 | E48: 0 | H48: 0 | I48: 0 | J48: 0 | K48: 0 | L48: 0 | M48: 0 | N48: 0 | O48: 0 | Q48: 0 | S48: 0 | U48: 0 | Y48: 0 | Z48: 0 | AA48: 0 | AB48: 0 | AC48: 0
A49: =TRIM(Raw_Data!A49) | B49: 0 | C49: 0 | D49: 0 | E49: 0 | H49: 0 | I49: 0 | J49: 0 | K49: 0 | L49: 0 | M49: 0 | N49: 0 | O49: 0 | Q49: 0 | S49: 0 | U49: 0 | Y49: 0 | Z49: 0 | AA49: 0 | AB49: 0 | AC49: 0
A50: =TRIM(Raw_Data!A50) | B50: 0 | C50: 0 | D50: 0 | E50: 0 | H50: 0 | I50: 0 | J50: 0 | K50: 0 | L50: 0 | M50: 0 | N50: 0 | O50: 0 | Q50: 0 | S50: 0 | U50: 0 | Y50: 0 | Z50: 0 | AA50: 0 | AB50: 0 | AC50: 0
... A62: =TRIM(Raw_Data!A62) | B62: 0 | C62: 0 | D62: 0 | E62: 0 | H62: 0 | I62: 0 | J62: 0 | K62: 0 | L62: 0 | M62: 0 | N62: 0 | O62: 0 | Q62: 0 | S62: 0 | U62: 0 | Y62: 0 | Z62: 0 | AA62: 0 | AB62: 0 | AC62: 0

Sheet Calculations
A1: =Clean_Data!A1 -> Sr.No | B1: =Clean_Data!B1 -> Institute Name | C1: =Clean_Data!C1 -> Date & Time | D1: =Clean_Data!D1 -> Order ID | E1: =Clean_Data!E1 -> Edviron order ID | F1: =Clean_Data!F1 -> Ordear Amt | G1: =Clean_Data!G1 -> Trasaction Amount | H1: =Clean_Data!H1 -> Payment Method | ... U1: =Clean_Data!U1 -> Edviron Buying type | V1: Partner $ | W1: Merchnat $ | X1: Buying $ | Y1: ERP Revenue | Z1: Edviron Net Revenue | AA1: Edviron Gross Revenue | AB1: ERP Payable | AC1: Edviron Retained | AD1: Pending Exposure
A2: =Clean_Data!A2 -> 1 | B2: =Clean_Data!B2 -> SBNM College of Pharmacy (D. Pharmacy & B.Pharmarcy | C2: =Clean_Data!C2 -> 1/4/2025, 12:31:47 PM | D2: =Clean_Data!D2 -> EDVI0000002711 | E2: =Clean_Data!E2 -> 67eb8f5ba0b8c5db0650bf9c | F2: =Clean_Data!F2 -> 3800 | G2: =Clean_Data!G2 -> 3802.36 | H2: =Clean_Data!H2 -> upi | ... U2: =Clean_Data!U2 -> FLAT | V2: =IF(ISNUMBER(SEARCH("%",R2)),VALUE(SUBSTITUTE(R2,"%",""))/100*G2,R2) -> 2 | W2: =IF(ISNUMBER(SEARCH("%",P2)),VALUE(SUBSTITUTE(P2,"%",""))/100*G2,P2) -> 2 | X2: =IF(ISNUMBER(SEARCH("%",T2)),VALUE(SUBSTITUTE(T2,"%",""))/100*I2,T2) -> 0 | Y2: =W2-V2 -> 0 | Z2: =X2-W2 -> -2 | AA2: =Y2-X2 -> 0 | AB2: =Y2 -> 0 | AC2: =Z2 -> -2 | AD2: =AA2 -> 0
A3: =Clean_Data!A3 -> 2 | B3: =Clean_Data!B3 -> R P College of Pharmacy | C3: =Clean_Data!C3 -> 11/4/2025, 11:51:49 AM | D3: =Clean_Data!D3 -> EDVI0000002716 | E3: =Clean_Data!E3 -> 67f8b4fdb7b5f003daf0968e | F3: =Clean_Data!F3 -> 15000 | G3: =Clean_Data!G3 -> 15002.36 | H3: =Clean_Data!H3 -> upi | ... U3: =Clean_Data!U3 -> FLAT | V3: =IF(ISNUMBER(SEARCH("%",R3)),VALUE(SUBSTITUTE(R3,"%",""))/100*G3,R3) -> 2 | W3: =IF(ISNUMBER(SEARCH("%",P3)),VALUE(SUBSTITUTE(P3,"%",""))/100*G3,P3) -> 2 | X3: =IF(ISNUMBER(SEARCH("%",T3)),VALUE(SUBSTITUTE(T3,"%",""))/100*I3,T3) -> 0 | Y3: =W3-V3 -> 0 | Z3: =X3-W3 -> -2 | AA3: =Y3-X3 -> 0 | AB3: =Y3 -> 0 | AC3: =Z3 -> -2 | AD3: =AA3 -> 0
A4: =Clean_Data!A4 -> 3 | B4: =Clean_Data!B4 -> R P College of Pharmacy | C4: =Clean_Data!C4 -> 21/4/2025, 10:31:19 am | D4: =Clean_Data!D4 -> EDVI0000002722 | E4: =Clean_Data!E4 -> 6805d11f8218d3a8c0364231 | F4: =Clean_Data!F4 -> 10000 | G4: =Clean_Data!G4 -> 10002.36 | H4: =Clean_Data!H4 -> upi | ... U4: =Clean_Data!U4 -> FLAT | V4: =IF(ISNUMBER(SEARCH("%",R4)),VALUE(SUBSTITUTE(R4,"%",""))/100*G4,R4) -> 2 | W4: =IF(ISNUMBER(SEARCH("%",P4)),VALUE(SUBSTITUTE(P4,"%",""))/100*G4,P4) -> 2 | X4: =IF(ISNUMBER(SEARCH("%",T4)),VALUE(SUBSTITUTE(T4,"%",""))/100*I4,T4) -> 0 | Y4: =W4-V4 -> 0 | Z4: =X4-W4 -> -2 | AA4: =Y4-X4 -> 0 | AB4: =Y4 -> 0 | AC4: =Z4 -> -2 | AD4: =AA4 -> 0
A5: =Clean_Data!A5 -> 4 | B5: =Clean_Data!B5 -> R P College of Pharmacy | C5: =Clean_Data!C5 -> 29/4/2025, 11:10:54 am | D5: =Clean_Data!D5 -> EDVI0000002724 | E5: =Clean_Data!E5 -> 681066668dde280c7a057a3a | F5: =Clean_Data!F5 -> 5000 | G5: =Clean_Data!G5 -> 5002.36 | H5: =Clean_Data!H5 -> upi | ... U5: =Clean_Data!U5 -> FLAT | V5: =IF(ISNUMBER(SEARCH("%",R5)),VALUE(SUBSTITUTE(R5,"%",""))/100*G5,R5) -> 2 | W5: =IF(ISNUMBER(SEARCH("%",P5)),VALUE(SUBSTITUTE(P5,"%",""))/100*G5,P5) -> 2 | X5: =IF(ISNUMBER(SEARCH("%",T5)),VALUE(SUBSTITUTE(T5,"%",""))/100*I5,T5) -> 0 | Y5: =W5-V5 -> 0 | Z5: =X5-W5 -> -2 | AA5: =Y5-X5 -> 0 | AB5: =Y5 -> 0 | AC5: =Z5 -> -2 | AD5: =AA5 -> 0
A6: =Clean_Data!A6 -> 5 | B6: =Clean_Data!B6 -> R P College of Pharmacy | C6: =Clean_Data!C6 -> 29/4/2025, 11:14:19 am | D6: =Clean_Data!D6 -> EDVI0000002725 | E6: =Clean_Data!E6 -> 68106733d4b7fd07d305e50a | F6: =Clean_Data!F6 -> 5000 | G6: =Clean_Data!G6 -> 5002.36 | H6: =Clean_Data!H6 -> upi | ... U6: =Clean_Data!U6 -> FLAT | V6: =IF(ISNUMBER(SEARCH("%",R6)),VALUE(SUBSTITUTE(R6,"%",""))/100*G6,R6) -> 2 | W6: =IF(ISNUMBER(SEARCH("%",P6)),VALUE(SUBSTITUTE(P6,"%",""))/100*G6,P6) -> 2 | X6: =IF(ISNUMBER(SEARCH("%",T6)),VALUE(SUBSTITUTE(T6,"%",""))/100*I6,T6) -> 0 | Y6: =W6-V6 -> 0 | Z6: =X6-W6 -> -2 | AA6: =Y6-X6 -> 0 | AB6: =Y6 -> 0 | AC6: =Z6 -> -2 | AD6: =AA6 -> 0
A7: =Clean_Data!A7 -> 6 | B7: =Clean_Data!B7 -> R P College of Pharmacy | C7: =Clean_Data!C7 -> 30/4/2025, 1:53:35 pm | D7: =Clean_Data!D7 -> EDVI0000004024 | E7: =Clean_Data!E7 -> 6811de07d4b7fd07d306cb37 | F7: =Clean_Data!F7 -> 10000 | G7: =Clean_Data!G7 -> 10002.36 | H7: =Clean_Data!H7 -> upi | ... U7: =Clean_Data!U7 -> FLAT | V7: =IF(ISNUMBER(SEARCH("%",R7)),VALUE(SUBSTITUTE(R7,"%",""))/100*G7,R7) -> 2 | W7: =IF(ISNUMBER(SEARCH("%",P7)),VALUE(SUBSTITUTE(P7,"%",""))/100*G7,P7) -> 2 | X7: =IF(ISNUMBER(SEARCH("%",T7)),VALUE(SUBSTITUTE(T7,"%",""))/100*I7,T7) -> 0 | Y7: =W7-V7 -> 0 | Z7: =X7-W7 -> -2 | AA7: =Y7-X7 -> 0 | AB7: =Y7 -> 0 | AC7: =Z7 -> -2 | AD7: =AA7 -> 0
A8: =Clean_Data!A8 -> 7 | B8: =Clean_Data!B8 -> R P College of Pharmacy | C8: =Clean_Data!C8 -> 30/4/2025, 2:03:25 pm | D8: =Clean_Data!D8 -> EDVI0000004025 | E8: =Clean_Data!E8 -> 6811e055d4b7fd07d306ceed | F8: =Clean_Data!F8 -> 18836 | G8: =Clean_Data!G8 -> 18838.36 | H8: =Clean_Data!H8 -> upi | ... U8: =Clean_Data!U8 -> FLAT | V8: =IF(ISNUMBER(SEARCH("%",R8)),VALUE(SUBSTITUTE(R8,"%",""))/100*G8,R8) -> 2 | W8: =IF(ISNUMBER(SEARCH("%",P8)),VALUE(SUBSTITUTE(P8,"%",""))/100*G8,P8) -> 2 | X8: =IF(ISNUMBER(SEARCH("%",T8)),VALUE(SUBSTITUTE(T8,"%",""))/100*I8,T8) -> 0 | Y8: =W8-V8 -> 0 | Z8: =X8-W8 -> -2 | AA8: =Y8-X8 -> 0 | AB8: =Y8 -> 0 | AC8: =Z8 -> -2 | AD8: =AA8 -> 0
A9: =Clean_Data!A9 -> 1 | B9: =Clean_Data!B9 -> R P College of Pharmacy | C9: =Clean_Data!C9 -> 14/6/2025, 11:24:42 am | D9: =Clean_Data!D9 -> EDVI0000004079 | E9: =Clean_Data!E9 -> 684d0ea2b1091c01feb8de58 | F9: =Clean_Data!F9 -> 10576 | G9: =Clean_Data!G9 -> 10578.36 | H9: =Clean_Data!H9 -> upi | ... U9: =Clean_Data!U9 -> FLAT | V9: =IF(ISNUMBER(SEARCH("%",R9)),VALUE(SUBSTITUTE(R9,"%",""))/100*G9,R9) -> 2 | W9: =IF(ISNUMBER(SEARCH("%",P9)),VALUE(SUBSTITUTE(P9,"%",""))/100*G9,P9) -> 2 | X9: =IF(ISNUMBER(SEARCH("%",T9)),VALUE(SUBSTITUTE(T9,"%",""))/100*I9,T9) -> 0 | Y9: =W9-V9 -> 0 | Z9: =X9-W9 -> -2 | AA9: =Y9-X9 -> 0 | AB9: =Y9 -> 0 | AC9: =Z9 -> -2 | AD9: =AA9 -> 0
A10: =Clean_Data!A10 -> 2 | B10: =Clean_Data!B10 -> R P College of Pharmacy | C10: =Clean_Data!C10 -> 7/7/2025, 4:08:10 PM | D10: =Clean_Data!D10 -> EDVI0000004105 | E10: =Clean_Data!E10 -> 686ba3924e76b124b7acdd57 | F10: =Clean_Data!F10 -> 1 | G10: =Clean_Data!G10 -> 3.36 | H10: =Clean_Data!H10 -> upi | ... U10: =Clean_Data!U10 -> FLAT | V10: =IF(ISNUMBER(SEARCH("%",R10)),VALUE(SUBSTITUTE(R10,"%",""))/100*G10,R10) -> 2 | W10: =IF(ISNUMBER(SEARCH("%",P10)),VALUE(SUBSTITUTE(P10,"%",""))/100*G10,P10) -> 2 | X10: =IF(ISNUMBER(SEARCH("%",T10)),VALUE(SUBSTITUTE(T10,"%",""))/100*I10,T10) -> 0 | Y10: =W10-V10 -> 0 | Z10: =X10-W10 -> -2 | AA10: =Y10-X10 -> 0 | AB10: =Y10 -> 0 | AC10: =Z10 -> -2 | AD10: =AA10 -> 0
A11: =Clean_Data!A11 -> 6 | B11: =Clean_Data!B11 -> ST MICHAEL'S SCHOOL FOR GIRLS | C11: =Clean_Data!C11 -> 14/11/2025, 10:46:26 am | D11: =Clean_Data!D11 -> SMED0000000331 | E11: =Clean_Data!E11 -> 6916bb2afede88bc173e1480 | F11: =Clean_Data!F11 -> 34325 | G11: =Clean_Data!G11 -> 34327.36 | H11: =Clean_Data!H11 -> upi | ... U11: =Clean_Data!U11 -> FLAT | V11: =IF(ISNUMBER(SEARCH("%",R11)),VALUE(SUBSTITUTE(R11,"%",""))/100*G11,R11) -> 2 | W11: =IF(ISNUMBER(SEARCH("%",P11)),VALUE(SUBSTITUTE(P11,"%",""))/100*G11,P11) -> 2 | X11: =IF(ISNUMBER(SEARCH("%",T11)),VALUE(SUBSTITUTE(T11,"%",""))/100*I11,T11) -> 0 | Y11: =W11-V11 -> 0 | Z11: =X11-W11 -> -2 | AA11: =Y11-X11 -> 0 | AB11: =Y11 -> 0 | AC11: =Z11 -> -2 | AD11: =AA11 -> 0
A12: =Clean_Data!A12 -> 8 | B12: =Clean_Data!B12 -> ST MICHAEL'S SCHOOL FOR GIRLS | C12: =Clean_Data!C12 -> 30/11/2025, 2:29:11 pm | D12: =Clean_Data!D12 -> SMED0000000337 | E12: =Clean_Data!E12 -> 692c075f09edb37dee1521c4 | F12: =Clean_Data!F12 -> 38100 | G12: =Clean_Data!G12 -> 38102.36 | H12: =Clean_Data!H12 -> upi | ... U12: =Clean_Data!U12 -> FLAT | V12: =IF(ISNUMBER(SEARCH("%",R12)),VALUE(SUBSTITUTE(R12,"%",""))/100*G12,R12) -> 2 | W12: =IF(ISNUMBER(SEARCH("%",P12)),VALUE(SUBSTITUTE(P12,"%",""))/100*G12,P12) -> 2 | X12: =IF(ISNUMBER(SEARCH("%",T12)),VALUE(SUBSTITUTE(T12,"%",""))/100*I12,T12) -> 0 | Y12: =W12-V12 -> 0 | Z12: =X12-W12 -> -2 | AA12: =Y12-X12 -> 0 | AB12: =Y12 -> 0 | AC12: =Z12 -> -2 | AD12: =AA12 -> 0
A13: =Clean_Data!A13 -> 1 | B13: =Clean_Data!B13 -> ST MICHAEL'S SCHOOL FOR GIRLS | C13: =Clean_Data!C13 -> 1/12/2025, 1:41:08 PM | D13: =Clean_Data!D13 -> SMED0000000339 | E13: =Clean_Data!E13 -> 692d4d9c4b29e4e74d7d73d4 | F13: =Clean_Data!F13 -> 10350 | G13: =Clean_Data!G13 -> 10352.36 | H13: =Clean_Data!H13 -> upi | ... U13: =Clean_Data!U13 -> FLAT | V13: =IF(ISNUMBER(SEARCH("%",R13)),VALUE(SUBSTITUTE(R13,"%",""))/100*G13,R13) -> 2 | W13: =IF(ISNUMBER(SEARCH("%",P13)),VALUE(SUBSTITUTE(P13,"%",""))/100*G13,P13) -> 2 | X13: =IF(ISNUMBER(SEARCH("%",T13)),VALUE(SUBSTITUTE(T13,"%",""))/100*I13,T13) -> 0 | Y13: =W13-V13 -> 0 | Z13: =X13-W13 -> -2 | AA13: =Y13-X13 -> 0 | AB13: =Y13 -> 0 | AC13: =Z13 -> -2 | AD13: =AA13 -> 0
... A37: =Clean_Data!A37 -> 29 | B37: =Clean_Data!B37 -> ST MICHAEL'S SCHOOL FOR GIRLS | C37: =Clean_Data!C37 -> 22/1/2026, 3:45:52 pm | D37: =Clean_Data!D37 -> SMED0000000454 | E37: =Clean_Data!E37 -> 6971f8d8595909a602bf52cc | F37: =Clean_Data!F37 -> 34325 | G37: =Clean_Data!G37 -> 34327.36 | H37: =Clean_Data!H37 -> upi | ... U37: =Clean_Data!U37 -> FLAT | V37: =IF(ISNUMBER(SEARCH("%",R37)),VALUE(SUBSTITUTE(R37,"%",""))/100*G37,R37) -> 2 | W37: =IF(ISNUMBER(SEARCH("%",P37)),VALUE(SUBSTITUTE(P37,"%",""))/100*G37,P37) -> 2 | X37: =IF(ISNUMBER(SEARCH("%",T37)),VALUE(SUBSTITUTE(T37,"%",""))/100*I37,T37) -> 0 | Y37: =W37-V37 -> 0 | Z37: =X37-W37 -> -2 | AA37: =Y37-X37 -> 0 | AB37: =Y37 -> 0 | AC37: =Z37 -> -2 | AD37: =AA37 -> 0

Sheet Dashboard

Sheet Assumptions
